proba_col,threshold,precision,recall,specificity,accuracy,f1,fpr,tn,fp,fn,tp
gating_pred_proba,0.0,0.09200603318250378,0.9999999999999994,0.0,0.09200603318250378,0.16850828729266334,0.9999999999999999,0,16254,0,1647
gating_pred_proba,0.01,0.09215017064846416,0.9999999999999994,0.001722652885443583,0.0935701916094073,0.16874999999984547,0.9982773471145563,28,16226,0,1647
gating_pred_proba,0.02,0.09496587528437263,0.9884638737097748,0.04546573151224313,0.1322272498743087,0.17328366152192623,0.9545342684877568,739,15515,19,1628
gating_pred_proba,0.03,0.10045341337250142,0.9550698239222825,0.13338255198720314,0.2089827383945031,0.1817866635847116,0.8666174480127967,2168,14086,74,1573
gating_pred_proba,0.04,0.10692803057108484,0.9174256223436547,0.22357573520364216,0.2874141109435227,0.19153251362638163,0.7764242647963577,3634,12620,136,1511
gating_pred_proba,0.05,0.11446690447879507,0.876745598057073,0.3127230220253476,0.3646165018714038,0.20249614359816898,0.6872769779746524,5083,11171,203,1444
gating_pred_proba,0.06,0.12267791438571299,0.8299939283545836,0.39854804971084035,0.4382436735377912,0.21376075058617122,0.6014519502891595,6478,9776,280,1367
gating_pred_proba,0.07,0.13051073887575787,0.7710989678202789,0.4794512120093515,0.5062845651080945,0.22323782738593625,0.5205487879906484,7793,8461,377,1270
gating_pred_proba,0.08,0.1388187176711175,0.7006678809957495,0.5595545711824781,0.572537847047651,0.23172690763024598,0.4404454288175218,9095,7159,493,1154
gating_pred_proba,0.09,0.1490914293890399,0.6326654523375831,0.6341208317952504,0.6339869281045751,0.2413154238070095,0.3658791682047496,10307,5947,605,1042
gating_pred_proba,0.1,0.16116573033707862,0.5573770491803276,0.70604158976252,0.6923635551086531,0.2500340460298848,0.29395841023748,11476,4778,729,918
gating_pred_proba,0.11,0.16724587315377928,0.4675166970248935,0.7641196013289036,0.736830344673482,0.24636058230644275,0.2358803986710963,12420,3834,877,770
gating_pred_proba,0.12,0.18274251167903266,0.40376442015786257,0.8170296542389565,0.7790067593989163,0.2516080211876148,0.1829703457610434,13280,2974,982,665
gating_pred_proba,0.13,0.19642857142857137,0.3339404978749239,0.8615725359911406,0.8130272051840679,0.247357769282196,0.13842746400885933,14004,2250,1097,550
gating_pred_proba,0.14,0.20757363253856934,0.2695810564663022,0.8957179771133259,0.8381096028154852,0.23454833597415173,0.10428202288667404,14559,1695,1203,444
gating_pred_proba,0.15,0.2214640198511165,0.21675774134790515,0.922788236741725,0.8578291715546618,0.21908560908204056,0.07721176325827488,14999,1255,1290,357
gating_pred_proba,0.16,0.23606557377049162,0.174863387978142,0.9426602682416635,0.8720183229987152,0.2009068712935466,0.057339731758336406,15322,932,1359,288
gating_pred_proba,0.17,0.24760892667375106,0.14146933819064958,0.9564414913252122,0.8814591363610972,0.18006182380170088,0.04355850867478774,15546,708,1414,233
gating_pred_proba,0.18,0.26234132581100106,0.11293260473588336,0.9678233050326073,0.8891682028936931,0.15789473684168442,0.03217669496739264,15731,523,1461,186
gating_pred_proba,0.19,0.2904411764705877,0.09593199757134178,0.9762519995078134,0.8952572481984247,0.14422638064773247,0.023748000492186536,15868,386,1489,158
gating_pred_proba,0.2,0.3325183374083121,0.08257437765634483,0.983204134366925,0.9003407630858611,0.13229571984403915,0.016795865633074933,15981,273,1511,136
gating_pred_proba,0.21,0.35451505016722284,0.0643594414086217,0.9881259997539066,0.9031339031339032,0.10894141829367608,0.011874000246093268,16061,193,1541,106
gating_pred_proba,0.22,0.36725663716814,0.050394656952033975,0.9912021656207701,0.9046421987598459,0.08862786972749727,0.008797834379229727,16111,143,1564,83
gating_pred_proba,0.23,0.39534883720930003,0.041287188828172415,0.9936015749969237,0.905982905982906,0.07476635514001562,0.006398425003076165,16150,104,1579,68
gating_pred_proba,0.24,0.41958041958041664,0.03642987249544625,0.9948935646610064,0.9067091223953969,0.06703910614510432,0.005106435338993478,16171,83,1587,60
gating_pred_proba,0.25,0.4380165289256162,0.03217972070431085,0.9958164144210655,0.9071560248030837,0.05995475113109414,0.004183585578934415,16186,68,1594,53
gating_pred_proba,0.26,0.41904761904761506,0.026715239829993912,0.9962470776424264,0.9070442992011619,0.05022831050217037,0.00375292235757352,16193,61,1603,44
gating_pred_proba,0.27,0.41379310344827114,0.02185792349726775,0.9968623108157991,0.9071560248030837,0.04152249134938562,0.0031376891842008117,16203,51,1611,36
gating_pred_proba,0.28,0.40540540540539993,0.018214936247723124,0.99729297403716,0.9072118876040445,0.034863451481614356,0.002707025962839916,16210,44,1617,30
gating_pred_proba,0.29,0.42424242424241787,0.017000607164541583,0.9976621139411836,0.9074353388078878,0.03269118505538414,0.002337886058816291,16216,38,1619,28
gating_pred_proba,0.3,0.4385964912280625,0.015179113539769268,0.9980312538452072,0.9076029272107703,0.02934272300463014,0.001968746154792666,16222,32,1622,25
gating_pred_proba,0.31,0.46938775510203123,0.013964784456587727,0.9984003937492308,0.9078263784146137,0.027122641509377817,0.0015996062507690413,16228,26,1624,23
gating_pred_proba,0.32,0.5111111111110997,0.013964784456587727,0.9986464870185799,0.908049829618457,0.02718676122926261,0.001353512981419958,16232,22,1624,23
gating_pred_proba,0.33,0.5499999999999863,0.013357619914996956,0.998892580287929,0.9082174180213396,0.026081802015365647,0.0011074197120708748,16236,18,1625,22
gating_pred_proba,0.34,0.5294117647058667,0.010928961748633875,0.9990156269226036,0.908105692419418,0.02141582391429705,0.000984373077396333,16238,16,1629,18
gating_pred_proba,0.35000000000000003,0.5714285714285511,0.009714632665452333,0.9992617201919526,0.9082174180213396,0.0191044776119074,0.0007382798080472499,16242,12,1631,16
gating_pred_proba,0.36,0.5599999999999776,0.008500303582270791,0.9993232435092899,0.9081615552203788,0.016746411483224113,0.000676756490709979,16243,11,1633,14
gating_pred_proba,0.37,0.52173913043476,0.007285974499089249,0.9993232435092899,0.908049829618457,0.014371257485002757,0.000676756490709979,16243,11,1635,12
gating_pred_proba,0.38,0.5454545454545207,0.007285974499089249,0.9993847668266271,0.908105692419418,0.014379868184515608,0.0006152331733727082,16244,10,1635,12
gating_pred_proba,0.39,0.5263157894736565,0.006071645415907707,0.9994462901439645,0.908049829618457,0.012004801920745746,0.0005537098560354374,16245,9,1637,10
gating_pred_proba,0.4,0.4999999999999688,0.0048573163327261665,0.9995078134613017,0.9079939668174962,0.009621166566427116,0.0004921865386981665,16246,8,1639,8
gating_pred_proba,0.41000000000000003,0.46666666666663553,0.004250151791135396,0.9995078134613017,0.9079381040165354,0.008423586040896663,0.0004921865386981665,16246,8,1640,7
gating_pred_proba,0.42,0.46153846153842604,0.0036429872495446244,0.999569336778639,0.9079381040165354,0.007228915662635053,0.0004306632213608957,16247,7,1641,6
gating_pred_proba,0.43,0.45454545454541323,0.0030358227079538536,0.9996308600959762,0.9079381040165354,0.0060313630880447135,0.00036913990402362494,16248,6,1642,5
gating_pred_proba,0.44,0.44444444444439507,0.0024286581663630832,0.9996923834133136,0.9079381040165354,0.00483091787438532,0.0003076165866863541,16249,5,1643,4
gating_pred_proba,0.45,0.37499999999995315,0.0018214936247723122,0.9996923834133136,0.9078822412155746,0.0036253776434949066,0.0003076165866863541,16249,5,1644,3
gating_pred_proba,0.46,0.33333333333327775,0.0012143290831815416,0.9997539067306508,0.9078822412155746,0.0024198427102166,0.00024609326934908326,16250,4,1645,2
gating_pred_proba,0.47000000000000003,0.39999999999992,0.0012143290831815416,0.9998154300479881,0.9079381040165354,0.0024213075060472316,0.00018456995201181247,16251,3,1645,2
gating_pred_proba,0.48,0.9999999999995,0.0012143290831815416,0.9999999999999999,0.908105692419418,0.0024257125530600366,0.0,16254,0,1645,2
gating_pred_proba,0.49,0.9999999999989999,0.0006071645415907708,0.9999999999999999,0.908049829618457,0.0012135922330084943,0.0,16254,0,1646,1
gating_pred_proba,0.5,0.9999999999989999,0.0006071645415907708,0.9999999999999999,0.908049829618457,0.0012135922330084943,0.0,16254,0,1646,1
gating_pred_proba,0.51,0.0,0.0,0.9999999999999999,0.9079939668174962,0.0,0.0,16254,0,1647,0
gating_pred_proba,0.52,0.0,0.0,0.9999999999999999,0.9079939668174962,0.0,0.0,16254,0,1647,0
gating_pred_proba,0.53,0.0,0.0,0.9999999999999999,0.9079939668174962,0.0,0.0,16254,0,1647,0
gating_pred_proba,0.54,0.0,0.0,0.9999999999999999,0.9079939668174962,0.0,0.0,16254,0,1647,0
gating_pred_proba,0.55,0.0,0.0,0.9999999999999999,0.9079939668174962,0.0,0.0,16254,0,1647,0
gating_pred_proba,0.56,0.0,0.0,0.9999999999999999,0.9079939668174962,0.0,0.0,16254,0,1647,0
gating_pred_proba,0.5700000000000001,0.0,0.0,0.9999999999999999,0.9079939668174962,0.0,0.0,16254,0,1647,0
gating_pred_proba,0.58,0.0,0.0,0.9999999999999999,0.9079939668174962,0.0,0.0,16254,0,1647,0
gating_pred_proba,0.59,0.0,0.0,0.9999999999999999,0.9079939668174962,0.0,0.0,16254,0,1647,0
gating_pred_proba,0.6,0.0,0.0,0.9999999999999999,0.9079939668174962,0.0,0.0,16254,0,1647,0
gating_pred_proba,0.61,0.0,0.0,0.9999999999999999,0.9079939668174962,0.0,0.0,16254,0,1647,0
gating_pred_proba,0.62,0.0,0.0,0.9999999999999999,0.9079939668174962,0.0,0.0,16254,0,1647,0
gating_pred_proba,0.63,0.0,0.0,0.9999999999999999,0.9079939668174962,0.0,0.0,16254,0,1647,0
gating_pred_proba,0.64,0.0,0.0,0.9999999999999999,0.9079939668174962,0.0,0.0,16254,0,1647,0
gating_pred_proba,0.65,0.0,0.0,0.9999999999999999,0.9079939668174962,0.0,0.0,16254,0,1647,0
gating_pred_proba,0.66,0.0,0.0,0.9999999999999999,0.9079939668174962,0.0,0.0,16254,0,1647,0
gating_pred_proba,0.67,0.0,0.0,0.9999999999999999,0.9079939668174962,0.0,0.0,16254,0,1647,0
gating_pred_proba,0.68,0.0,0.0,0.9999999999999999,0.9079939668174962,0.0,0.0,16254,0,1647,0
gating_pred_proba,0.6900000000000001,0.0,0.0,0.9999999999999999,0.9079939668174962,0.0,0.0,16254,0,1647,0
gating_pred_proba,0.7000000000000001,0.0,0.0,0.9999999999999999,0.9079939668174962,0.0,0.0,16254,0,1647,0
gating_pred_proba,0.71,0.0,0.0,0.9999999999999999,0.9079939668174962,0.0,0.0,16254,0,1647,0
gating_pred_proba,0.72,0.0,0.0,0.9999999999999999,0.9079939668174962,0.0,0.0,16254,0,1647,0
gating_pred_proba,0.73,0.0,0.0,0.9999999999999999,0.9079939668174962,0.0,0.0,16254,0,1647,0
gating_pred_proba,0.74,0.0,0.0,0.9999999999999999,0.9079939668174962,0.0,0.0,16254,0,1647,0
gating_pred_proba,0.75,0.0,0.0,0.9999999999999999,0.9079939668174962,0.0,0.0,16254,0,1647,0
gating_pred_proba,0.76,0.0,0.0,0.9999999999999999,0.9079939668174962,0.0,0.0,16254,0,1647,0
gating_pred_proba,0.77,0.0,0.0,0.9999999999999999,0.9079939668174962,0.0,0.0,16254,0,1647,0
gating_pred_proba,0.78,0.0,0.0,0.9999999999999999,0.9079939668174962,0.0,0.0,16254,0,1647,0
gating_pred_proba,0.79,0.0,0.0,0.9999999999999999,0.9079939668174962,0.0,0.0,16254,0,1647,0
gating_pred_proba,0.8,0.0,0.0,0.9999999999999999,0.9079939668174962,0.0,0.0,16254,0,1647,0
gating_pred_proba,0.81,0.0,0.0,0.9999999999999999,0.9079939668174962,0.0,0.0,16254,0,1647,0
gating_pred_proba,0.8200000000000001,0.0,0.0,0.9999999999999999,0.9079939668174962,0.0,0.0,16254,0,1647,0
gating_pred_proba,0.8300000000000001,0.0,0.0,0.9999999999999999,0.9079939668174962,0.0,0.0,16254,0,1647,0
gating_pred_proba,0.84,0.0,0.0,0.9999999999999999,0.9079939668174962,0.0,0.0,16254,0,1647,0
gating_pred_proba,0.85,0.0,0.0,0.9999999999999999,0.9079939668174962,0.0,0.0,16254,0,1647,0
gating_pred_proba,0.86,0.0,0.0,0.9999999999999999,0.9079939668174962,0.0,0.0,16254,0,1647,0
gating_pred_proba,0.87,0.0,0.0,0.9999999999999999,0.9079939668174962,0.0,0.0,16254,0,1647,0
gating_pred_proba,0.88,0.0,0.0,0.9999999999999999,0.9079939668174962,0.0,0.0,16254,0,1647,0
gating_pred_proba,0.89,0.0,0.0,0.9999999999999999,0.9079939668174962,0.0,0.0,16254,0,1647,0
gating_pred_proba,0.9,0.0,0.0,0.9999999999999999,0.9079939668174962,0.0,0.0,16254,0,1647,0
gating_pred_proba,0.91,0.0,0.0,0.9999999999999999,0.9079939668174962,0.0,0.0,16254,0,1647,0
gating_pred_proba,0.92,0.0,0.0,0.9999999999999999,0.9079939668174962,0.0,0.0,16254,0,1647,0
gating_pred_proba,0.93,0.0,0.0,0.9999999999999999,0.9079939668174962,0.0,0.0,16254,0,1647,0
gating_pred_proba,0.9400000000000001,0.0,0.0,0.9999999999999999,0.9079939668174962,0.0,0.0,16254,0,1647,0
gating_pred_proba,0.9500000000000001,0.0,0.0,0.9999999999999999,0.9079939668174962,0.0,0.0,16254,0,1647,0
gating_pred_proba,0.96,0.0,0.0,0.9999999999999999,0.9079939668174962,0.0,0.0,16254,0,1647,0
gating_pred_proba,0.97,0.0,0.0,0.9999999999999999,0.9079939668174962,0.0,0.0,16254,0,1647,0
gating_pred_proba,0.98,0.0,0.0,0.9999999999999999,0.9079939668174962,0.0,0.0,16254,0,1647,0
gating_pred_proba,0.99,0.0,0.0,0.9999999999999999,0.9079939668174962,0.0,0.0,16254,0,1647,0
gating_pred_proba,1.0,0.0,0.0,0.9999999999999999,0.9079939668174962,0.0,0.0,16254,0,1647,0
s1_pred_proba,0.0,0.09200603318250378,0.9999999999999994,0.0,0.09200603318250378,0.16850828729266334,0.9999999999999999,0,16254,0,1647
s1_pred_proba,0.01,0.09200603318250378,0.9999999999999994,0.0,0.09200603318250378,0.16850828729266334,0.9999999999999999,0,16254,0,1647
s1_pred_proba,0.02,0.09200603318250378,0.9999999999999994,0.0,0.09200603318250378,0.16850828729266334,0.9999999999999999,0,16254,0,1647
s1_pred_proba,0.03,0.09200603318250378,0.9999999999999994,0.0,0.09200603318250378,0.16850828729266334,0.9999999999999999,0,16254,0,1647
s1_pred_proba,0.04,0.10202902273019133,0.9647844565877347,0.13959640703826748,0.2155186861069214,0.18454212879606413,0.8604035929617324,2269,13985,58,1589
s1_pred_proba,0.05,0.1103621369666547,0.9344262295081962,0.2367417251138181,0.300932908776046,0.19740892765501877,0.7632582748861818,3848,12406,108,1539
s1_pred_proba,0.06,0.11252717595022114,0.9113539769277469,0.2716869693613879,0.33054019328529133,0.20032029894548695,0.728313030638612,4416,11838,146,1501
s1_pred_proba,0.07,0.12652869238005643,0.8166363084395867,0.4287559985234403,0.46444332718842524,0.21910890282619108,0.5712440014765595,6969,9285,302,1345
s1_pred_proba,0.08,0.1326399313746515,0.7510625379477834,0.5023378860588162,0.5252220546338193,0.2254624988605851,0.49766211394118365,8165,8089,410,1237
s1_pred_proba,0.09,0.13755613330181987,0.7067395264116572,0.5510028300725974,0.5653315457237026,0.23028984073570505,0.44899716992740246,8956,7298,483,1164
s1_pred_proba,0.1,0.1458076870469156,0.6472374013357617,0.6157868832287436,0.618680520641305,0.23799955347145693,0.38421311677125625,10009,6245,581,1066
s1_pred_proba,0.11,0.17019071310116082,0.4984820886460228,0.7537221606989049,0.7302385341601028,0.25374748879578796,0.2462778393010951,12251,4003,826,821
s1_pred_proba,0.12,0.18508655126497997,0.4219793564055857,0.8117386489479512,0.7758784425451092,0.2573121066267512,0.1882613510520487,13194,3060,952,695
s1_pred_proba,0.13,0.20154777927321663,0.3636915604128717,0.8540051679586562,0.8088933579129658,0.25936349859231006,0.14599483204134364,13881,2373,1048,599
s1_pred_proba,0.14,0.20867768595041314,0.30661809350333924,0.8821828472991262,0.8292274174627116,0.24834029997492982,0.11781715270087362,14339,1915,1142,505
s1_pred_proba,0.15,0.21854636591478688,0.2647237401335761,0.9040851482711947,0.8452600413384727,0.23942888522740122,0.0959148517288052,14695,1559,1211,436
s1_pred_proba,0.16,0.2405966277561607,0.22525804493017595,0.9279561953980557,0.8633037260488241,0.23267481969219408,0.07204380460194412,15083,1171,1276,371
s1_pred_proba,0.17,0.2715163934426227,0.16089860352155425,0.9562569213732003,0.8830791575889615,0.20205871139869383,0.043743078626799554,15543,711,1382,265
s1_pred_proba,0.18,0.29016189290161853,0.14146933819064958,0.9649317091177555,0.8891682028936931,0.19020408163221225,0.03506829088224437,15684,570,1414,233
s1_pred_proba,0.19,0.3098802395209576,0.12568306010928953,0.971637750707518,0.8938048153734428,0.1788336933041249,0.028362249292481847,15793,461,1440,207
s1_pred_proba,0.2,0.32958801498127277,0.10686095931997565,0.977974652393257,0.8978269370426233,0.1613938560289744,0.02202534760674295,15896,358,1471,176
s1_pred_proba,0.21,0.3360488798370665,0.10018214936247717,0.9799433985480496,0.899000055862801,0.1543498596815918,0.020056601451950287,15928,326,1482,165
s1_pred_proba,0.22,0.34890109890109794,0.07710989678202788,0.9854189737910667,0.9018490587118038,0.12630532073565567,0.014581026208933184,16017,237,1520,127
s1_pred_proba,0.23,0.3516819571865432,0.06982392228293864,0.9869570567244985,0.9025752751242947,0.11651469098249956,0.013042943275501413,16042,212,1532,115
s1_pred_proba,0.24,0.3612040133779252,0.06557377049180324,0.9882490463885811,0.9033573543377464,0.11099691675205224,0.011750953611418726,16063,191,1539,108
s1_pred_proba,0.25,0.37410071942445905,0.06314511232544016,0.9892949427833148,0.9040835707502374,0.10805194805170083,0.010705057216685122,16080,174,1543,104
s1_pred_proba,0.26,0.37078651685393116,0.06010928961748631,0.9896640826873384,0.9041394335511983,0.1034482758618288,0.010335917312661497,16086,168,1548,99
s1_pred_proba,0.27,0.37549407114624356,0.057680631451123225,0.990279315860711,0.9044746103569633,0.09999999999976907,0.009720684139288789,16096,158,1552,95
s1_pred_proba,0.28,0.3827160493827145,0.05646630236794168,0.9907715023994093,0.9048097871627283,0.09841269841247423,0.009228497600590623,16104,150,1554,93
s1_pred_proba,0.29,0.3901345291479803,0.05282331511839706,0.9916328288421311,0.905256689570415,0.09304812834203584,0.00836717115786883,16118,136,1560,87
s1_pred_proba,0.3,0.39108910891088916,0.04796599878567089,0.9924326319675156,0.9055360035752192,0.08545159545680908,0.007567368032484311,16131,123,1568,79
s1_pred_proba,0.31,0.4057142857142834,0.043108682452944726,0.9936015749969237,0.9061504943857885,0.07793633369905789,0.006398425003076165,16150,104,1576,71
s1_pred_proba,0.32,0.40268456375838657,0.03642987249544625,0.9945244247569828,0.9063739455896319,0.06681514476599477,0.005475575243017103,16165,89,1587,60
s1_pred_proba,0.33,0.4055944055944028,0.035215543412264703,0.9947705180263319,0.9064856711915535,0.06480446927359594,0.00522948197366802,16169,85,1589,58
s1_pred_proba,0.34,0.4414414414414375,0.029751062537947768,0.9961855543250892,0.9072677504050053,0.05574516496006366,0.003814445674910791,16192,62,1598,49
s1_pred_proba,0.35000000000000003,0.4519230769230726,0.028536733454766226,0.9964931709117755,0.9074353388078878,0.05368360936596474,0.003506829088224437,16197,57,1600,47
s1_pred_proba,0.36,0.4456521739130387,0.0248937462052216,0.9968623108157991,0.9074353388078878,0.04715353651513838,0.0031376891842008117,16203,51,1606,41
s1_pred_proba,0.37,0.444444444444439,0.02185792349726775,0.9972314507198227,0.9074912016088487,0.04166666666657727,0.002768549280177187,16209,45,1611,36
s1_pred_proba,0.38,0.448717948717943,0.021250758955676977,0.9973544973544972,0.9075470644098095,0.040579710144841144,0.0026455026455026454,16211,43,1612,35
s1_pred_proba,0.39,0.4545454545454477,0.018214936247723124,0.9977851605758581,0.9076587900117312,0.035026269702202587,0.0022148394241417496,16218,36,1617,30
s1_pred_proba,0.4,0.47169811320753824,0.015179113539769268,0.9982773471145563,0.9078263784146137,0.029411764705821915,0.001722652885443583,16226,28,1622,25
s1_pred_proba,0.41000000000000003,0.45833333333332377,0.013357619914996956,0.9984003937492308,0.9077705156136529,0.02595870206484169,0.0015996062507690413,16228,26,1625,22
s1_pred_proba,0.42,0.5116279069767322,0.013357619914996956,0.9987080103359172,0.908049829618457,0.02603550295853026,0.0012919896640826872,16233,21,1625,22
s1_pred_proba,0.43,0.5365853658536455,0.013357619914996956,0.9988310569705917,0.9081615552203788,0.026066350710853045,0.0011689430294081456,16235,19,1625,22
s1_pred_proba,0.44,0.5405405405405259,0.012143290831815414,0.9989541036052663,0.9081615552203788,0.023752969121097135,0.0010458963947336038,16237,17,1627,20
s1_pred_proba,0.45,0.5483870967741759,0.010321797207043104,0.9991386735572781,0.9081615552203788,0.020262216924874323,0.0008613264427217915,16240,14,1630,17
s1_pred_proba,0.46,0.5483870967741759,0.010321797207043104,0.9991386735572781,0.9081615552203788,0.020262216924874323,0.0008613264427217915,16240,14,1630,17
s1_pred_proba,0.47000000000000003,0.5599999999999776,0.008500303582270791,0.9993232435092899,0.9081615552203788,0.016746411483224113,0.000676756490709979,16243,11,1633,14
s1_pred_proba,0.48,0.52173913043476,0.007285974499089249,0.9993232435092899,0.908049829618457,0.014371257485002757,0.000676756490709979,16243,11,1635,12
s1_pred_proba,0.49,0.52173913043476,0.007285974499089249,0.9993232435092899,0.908049829618457,0.014371257485002757,0.000676756490709979,16243,11,1635,12
s1_pred_proba,0.5,0.4736842105262909,0.005464480874316937,0.9993847668266271,0.9079381040165354,0.010804321728668917,0.0006152331733727082,16244,10,1638,9
s1_pred_proba,0.51,0.4444444444444198,0.0048573163327261665,0.9993847668266271,0.9078822412155746,0.009609609609588211,0.0006152331733727082,16244,10,1639,8
s1_pred_proba,0.52,0.4444444444444198,0.0048573163327261665,0.9993847668266271,0.9078822412155746,0.009609609609588211,0.0006152331733727082,16244,10,1639,8
s1_pred_proba,0.53,0.4999999999999643,0.004250151791135396,0.999569336778639,0.9079939668174962,0.008428657435263227,0.0004306632213608957,16247,7,1640,7
s1_pred_proba,0.54,0.49999999999995,0.0030358227079538536,0.9996923834133136,0.9079939668174962,0.006035003017489505,0.0003076165866863541,16249,5,1642,5
s1_pred_proba,0.55,0.5555555555554939,0.0030358227079538536,0.9997539067306508,0.908049829618457,0.006038647342984351,0.00024609326934908326,16250,4,1642,5
s1_pred_proba,0.56,0.79999999999984,0.0024286581663630832,0.9999384766826627,0.9081615552203788,0.0048426150121004975,6.152331733727081e-05,16253,1,1643,4
s1_pred_proba,0.5700000000000001,0.79999999999984,0.0024286581663630832,0.9999384766826627,0.9081615552203788,0.0048426150121004975,6.152331733727081e-05,16253,1,1643,4
s1_pred_proba,0.58,0.9999999999996666,0.0018214936247723122,0.9999999999999999,0.9081615552203788,0.0036363636363600017,0.0,16254,0,1644,3
s1_pred_proba,0.59,0.9999999999995,0.0012143290831815416,0.9999999999999999,0.908105692419418,0.0024257125530600366,0.0,16254,0,1645,2
s1_pred_proba,0.6,0.9999999999989999,0.0006071645415907708,0.9999999999999999,0.908049829618457,0.0012135922330084943,0.0,16254,0,1646,1
s1_pred_proba,0.61,0.0,0.0,0.9999999999999999,0.9079939668174962,0.0,0.0,16254,0,1647,0
s1_pred_proba,0.62,0.0,0.0,0.9999999999999999,0.9079939668174962,0.0,0.0,16254,0,1647,0
s1_pred_proba,0.63,0.0,0.0,0.9999999999999999,0.9079939668174962,0.0,0.0,16254,0,1647,0
s1_pred_proba,0.64,0.0,0.0,0.9999999999999999,0.9079939668174962,0.0,0.0,16254,0,1647,0
s1_pred_proba,0.65,0.0,0.0,0.9999999999999999,0.9079939668174962,0.0,0.0,16254,0,1647,0
s1_pred_proba,0.66,0.0,0.0,0.9999999999999999,0.9079939668174962,0.0,0.0,16254,0,1647,0
s1_pred_proba,0.67,0.0,0.0,0.9999999999999999,0.9079939668174962,0.0,0.0,16254,0,1647,0
s1_pred_proba,0.68,0.0,0.0,0.9999999999999999,0.9079939668174962,0.0,0.0,16254,0,1647,0
s1_pred_proba,0.6900000000000001,0.0,0.0,0.9999999999999999,0.9079939668174962,0.0,0.0,16254,0,1647,0
s1_pred_proba,0.7000000000000001,0.0,0.0,0.9999999999999999,0.9079939668174962,0.0,0.0,16254,0,1647,0
s1_pred_proba,0.71,0.0,0.0,0.9999999999999999,0.9079939668174962,0.0,0.0,16254,0,1647,0
s1_pred_proba,0.72,0.0,0.0,0.9999999999999999,0.9079939668174962,0.0,0.0,16254,0,1647,0
s1_pred_proba,0.73,0.0,0.0,0.9999999999999999,0.9079939668174962,0.0,0.0,16254,0,1647,0
s1_pred_proba,0.74,0.0,0.0,0.9999999999999999,0.9079939668174962,0.0,0.0,16254,0,1647,0
s1_pred_proba,0.75,0.0,0.0,0.9999999999999999,0.9079939668174962,0.0,0.0,16254,0,1647,0
s1_pred_proba,0.76,0.0,0.0,0.9999999999999999,0.9079939668174962,0.0,0.0,16254,0,1647,0
s1_pred_proba,0.77,0.0,0.0,0.9999999999999999,0.9079939668174962,0.0,0.0,16254,0,1647,0
s1_pred_proba,0.78,0.0,0.0,0.9999999999999999,0.9079939668174962,0.0,0.0,16254,0,1647,0
s1_pred_proba,0.79,0.0,0.0,0.9999999999999999,0.9079939668174962,0.0,0.0,16254,0,1647,0
s1_pred_proba,0.8,0.0,0.0,0.9999999999999999,0.9079939668174962,0.0,0.0,16254,0,1647,0
s1_pred_proba,0.81,0.0,0.0,0.9999999999999999,0.9079939668174962,0.0,0.0,16254,0,1647,0
s1_pred_proba,0.8200000000000001,0.0,0.0,0.9999999999999999,0.9079939668174962,0.0,0.0,16254,0,1647,0
s1_pred_proba,0.8300000000000001,0.0,0.0,0.9999999999999999,0.9079939668174962,0.0,0.0,16254,0,1647,0
s1_pred_proba,0.84,0.0,0.0,0.9999999999999999,0.9079939668174962,0.0,0.0,16254,0,1647,0
s1_pred_proba,0.85,0.0,0.0,0.9999999999999999,0.9079939668174962,0.0,0.0,16254,0,1647,0
s1_pred_proba,0.86,0.0,0.0,0.9999999999999999,0.9079939668174962,0.0,0.0,16254,0,1647,0
s1_pred_proba,0.87,0.0,0.0,0.9999999999999999,0.9079939668174962,0.0,0.0,16254,0,1647,0
s1_pred_proba,0.88,0.0,0.0,0.9999999999999999,0.9079939668174962,0.0,0.0,16254,0,1647,0
s1_pred_proba,0.89,0.0,0.0,0.9999999999999999,0.9079939668174962,0.0,0.0,16254,0,1647,0
s1_pred_proba,0.9,0.0,0.0,0.9999999999999999,0.9079939668174962,0.0,0.0,16254,0,1647,0
s1_pred_proba,0.91,0.0,0.0,0.9999999999999999,0.9079939668174962,0.0,0.0,16254,0,1647,0
s1_pred_proba,0.92,0.0,0.0,0.9999999999999999,0.9079939668174962,0.0,0.0,16254,0,1647,0
s1_pred_proba,0.93,0.0,0.0,0.9999999999999999,0.9079939668174962,0.0,0.0,16254,0,1647,0
s1_pred_proba,0.9400000000000001,0.0,0.0,0.9999999999999999,0.9079939668174962,0.0,0.0,16254,0,1647,0
s1_pred_proba,0.9500000000000001,0.0,0.0,0.9999999999999999,0.9079939668174962,0.0,0.0,16254,0,1647,0
s1_pred_proba,0.96,0.0,0.0,0.9999999999999999,0.9079939668174962,0.0,0.0,16254,0,1647,0
s1_pred_proba,0.97,0.0,0.0,0.9999999999999999,0.9079939668174962,0.0,0.0,16254,0,1647,0
s1_pred_proba,0.98,0.0,0.0,0.9999999999999999,0.9079939668174962,0.0,0.0,16254,0,1647,0
s1_pred_proba,0.99,0.0,0.0,0.9999999999999999,0.9079939668174962,0.0,0.0,16254,0,1647,0
s1_pred_proba,1.0,0.0,0.0,0.9999999999999999,0.9079939668174962,0.0,0.0,16254,0,1647,0
s2_pred_proba,0.0,0.09200603318250378,0.9999999999999994,0.0,0.09200603318250378,0.16850828729266334,0.9999999999999999,0,16254,0,1647
s2_pred_proba,0.01,0.09200603318250378,0.9999999999999994,0.0,0.09200603318250378,0.16850828729266334,0.9999999999999999,0,16254,0,1647
s2_pred_proba,0.02,0.09201117318435754,0.9999999999999994,6.152331733727081e-05,0.0920618959834646,0.16851690796526236,0.9999384766826627,1,16253,0,1647
s2_pred_proba,0.03,0.09204716928407758,0.9999999999999994,0.0004921865386981665,0.0924529355901905,0.1685772773795795,0.9995078134613017,8,16246,0,1647
s2_pred_proba,0.04,0.09207433113175864,0.9987856709168179,0.002030269472129937,0.09373778001228981,0.16860554502111327,0.99796973052787,33,16221,2,1645
s2_pred_proba,0.05,0.0922101245931081,0.9975713418336364,0.0048603420696443946,0.09619574325456678,0.16881582327238553,0.9951396579303555,79,16175,4,1643
s2_pred_proba,0.06,0.0925842188559801,0.9945355191256825,0.012304663467454164,0.10267582816602425,0.16939862454092694,0.9876953365325457,200,16054,9,1638
s2_pred_proba,0.07,0.09281951442968392,0.9842137219186394,0.025286083425618305,0.11351321155242725,0.16964052116566322,0.9747139165743816,411,15843,26,1621
s2_pred_proba,0.08,0.09359953024075161,0.9678202792956886,0.05032607358188753,0.1347410759175465,0.17069122450056196,0.9496739264181123,818,15436,53,1594
s2_pred_proba,0.09,0.09489895300706111,0.9465695203400116,0.08520979451212009,0.16446008602871348,0.17250345781449547,0.9147902054878798,1385,14869,88,1559
s2_pred_proba,0.1,0.09647329414771275,0.9168184578020638,0.12993724621631597,0.2023350650801631,0.17457656511919872,0.8700627537836839,2112,14142,137,1510
s2_pred_proba,0.11,0.09928884026258204,0.8816029143897991,0.18961486403346867,0.25328193955644934,0.17847704504929254,0.8103851359665313,3082,13172,195,1452
s2_pred_proba,0.12,0.10262903105682579,0.8366727383120821,0.25870554940322377,0.3118820177643707,0.18283136526449953,0.7412944505967761,4205,12049,269,1378
s2_pred_proba,0.13,0.10727969348659003,0.7820279295689128,0.34059308477913125,0.38120775375677335,0.188676481359196,0.6594069152208686,5536,10718,359,1288
s2_pred_proba,0.14,0.11109015465861936,0.715239829993928,0.42008121077888516,0.44723758449248646,0.19231083176860242,0.5799187892211147,6828,9426,469,1178
s2_pred_proba,0.15,0.11486784140969161,0.6332726168791739,0.5055370985603543,0.51728953689738,0.1944625710820557,0.49446290143964555,8217,8037,604,1043
s2_pred_proba,0.16,0.1213157894736842,0.5598057073466907,0.5891472868217054,0.5864476844869002,0.19941602681921622,0.4108527131782945,9576,6678,725,922
s2_pred_proba,0.17,0.12721468475658418,0.4839101396478443,0.6635905007998031,0.6470588235294118,0.20146612740108585,0.33640949920019686,10786,5468,850,797
s2_pred_proba,0.18,0.134310618066561,0.4116575591985426,0.7311431032361264,0.7017485056700743,0.20253920836408007,0.2688568967638735,11884,4370,969,678
s2_pred_proba,0.19,0.14478282576135793,0.35215543412264705,0.7892211148025101,0.7490084352829451,0.20520077834736694,0.21077888519748983,12828,3426,1067,580
s2_pred_proba,0.2,0.15580645161290319,0.2932604735883423,0.8389934785283621,0.7887827495670633,0.20349694543877156,0.16100652147163774,13637,2617,1164,483
s2_pred_proba,0.21,0.1655433866891322,0.2386156648451729,0.8781223083548664,0.819283838891682,0.19547376274510198,0.1218776916451335,14273,1981,1254,393
s2_pred_proba,0.22,0.1746794871794871,0.19854280510018205,0.9049464747139164,0.8399530752471929,0.18584825234391797,0.09505352528608342,14709,1545,1320,327
s2_pred_proba,0.23,0.1783050847457626,0.15968427443837271,0.9254337393872276,0.8549801687056588,0.1684817424722753,0.07456626061277223,15042,1212,1384,263
s2_pred_proba,0.24,0.1940559440559439,0.1347905282331511,0.9432755014150362,0.8688900061449081,0.15908276603319582,0.056724498584963694,15332,922,1425,222
s2_pred_proba,0.25,0.21769499417927798,0.11353976927747414,0.9586563307493539,0.8809005083514887,0.1492418196324304,0.04134366925064599,15582,672,1460,187
s2_pred_proba,0.26,0.22324159021406692,0.08864602307225253,0.9687461547926663,0.8877716328696721,0.12690134723992333,0.031253845207333576,15746,508,1501,146
s2_pred_proba,0.27,0.24583333333333282,0.07164541590771095,0.9777285591239079,0.8943634433830512,0.11095439586236786,0.022271440876092036,15892,362,1529,118
s2_pred_proba,0.28,0.2641509433962257,0.059502125075895536,0.983204134366925,0.8982179766493492,0.09712586719494264,0.016795865633074933,15981,273,1549,98
s2_pred_proba,0.29,0.29213483146067304,0.04735883424408012,0.9883720930232557,0.901793195910843,0.0815047021941172,0.011627906976744184,16065,189,1569,78
s2_pred_proba,0.3,0.29896907216494695,0.035215543412264703,0.9916328288421311,0.9036366683425507,0.06300923411170711,0.00836717115786883,16118,136,1589,58
s2_pred_proba,0.31,0.30597014925372906,0.0248937462052216,0.9942783314876337,0.9050891011675325,0.04604154969104553,0.005721668512366186,16161,93,1606,41
s2_pred_proba,0.32,0.3396226415094308,0.02185792349726775,0.995693367786391,0.9060946315848276,0.04107244723320066,0.004306632213608957,16184,70,1611,36
s2_pred_proba,0.33,0.38271604938271137,0.018822100789313893,0.9969238341331363,0.9069325735992403,0.035879629629540236,0.003076165866863541,16204,50,1616,31
s2_pred_proba,0.34,0.39655172413792417,0.013964784456587727,0.9978466838931954,0.9073236132059661,0.026979472140696712,0.0021533161068044786,16219,35,1624,23
s2_pred_proba,0.35000000000000003,0.31707317073169955,0.00789313904068002,0.9982773471145563,0.9071560248030837,0.01540284360184832,0.001722652885443583,16226,28,1634,13
s2_pred_proba,0.36,0.37931034482757314,0.006678809957498478,0.998892580287929,0.9076029272107703,0.013126491646744022,0.0011074197120708748,16236,18,1636,11
s2_pred_proba,0.37,0.5333333333332978,0.0048573163327261665,0.999569336778639,0.908049829618457,0.00962695547531303,0.0004306632213608957,16247,7,1639,8
s2_pred_proba,0.38,0.37499999999995315,0.0018214936247723122,0.9996923834133136,0.9078822412155746,0.0036253776434949066,0.0003076165866863541,16249,5,1644,3
s2_pred_proba,0.39,0.9999999999996666,0.0018214936247723122,0.9999999999999999,0.9081615552203788,0.0036363636363600017,0.0,16254,0,1644,3
s2_pred_proba,0.4,0.9999999999995,0.0012143290831815416,0.9999999999999999,0.908105692419418,0.0024257125530600366,0.0,16254,0,1645,2
s2_pred_proba,0.41000000000000003,0.9999999999995,0.0012143290831815416,0.9999999999999999,0.908105692419418,0.0024257125530600366,0.0,16254,0,1645,2
s2_pred_proba,0.42,0.9999999999989999,0.0006071645415907708,0.9999999999999999,0.908049829618457,0.0012135922330084943,0.0,16254,0,1646,1
s2_pred_proba,0.43,0.0,0.0,0.9999999999999999,0.9079939668174962,0.0,0.0,16254,0,1647,0
s2_pred_proba,0.44,0.0,0.0,0.9999999999999999,0.9079939668174962,0.0,0.0,16254,0,1647,0
s2_pred_proba,0.45,0.0,0.0,0.9999999999999999,0.9079939668174962,0.0,0.0,16254,0,1647,0
s2_pred_proba,0.46,0.0,0.0,0.9999999999999999,0.9079939668174962,0.0,0.0,16254,0,1647,0
s2_pred_proba,0.47000000000000003,0.0,0.0,0.9999999999999999,0.9079939668174962,0.0,0.0,16254,0,1647,0
s2_pred_proba,0.48,0.0,0.0,0.9999999999999999,0.9079939668174962,0.0,0.0,16254,0,1647,0
s2_pred_proba,0.49,0.0,0.0,0.9999999999999999,0.9079939668174962,0.0,0.0,16254,0,1647,0
s2_pred_proba,0.5,0.0,0.0,0.9999999999999999,0.9079939668174962,0.0,0.0,16254,0,1647,0
s2_pred_proba,0.51,0.0,0.0,0.9999999999999999,0.9079939668174962,0.0,0.0,16254,0,1647,0
s2_pred_proba,0.52,0.0,0.0,0.9999999999999999,0.9079939668174962,0.0,0.0,16254,0,1647,0
s2_pred_proba,0.53,0.0,0.0,0.9999999999999999,0.9079939668174962,0.0,0.0,16254,0,1647,0
s2_pred_proba,0.54,0.0,0.0,0.9999999999999999,0.9079939668174962,0.0,0.0,16254,0,1647,0
s2_pred_proba,0.55,0.0,0.0,0.9999999999999999,0.9079939668174962,0.0,0.0,16254,0,1647,0
s2_pred_proba,0.56,0.0,0.0,0.9999999999999999,0.9079939668174962,0.0,0.0,16254,0,1647,0
s2_pred_proba,0.5700000000000001,0.0,0.0,0.9999999999999999,0.9079939668174962,0.0,0.0,16254,0,1647,0
s2_pred_proba,0.58,0.0,0.0,0.9999999999999999,0.9079939668174962,0.0,0.0,16254,0,1647,0
s2_pred_proba,0.59,0.0,0.0,0.9999999999999999,0.9079939668174962,0.0,0.0,16254,0,1647,0
s2_pred_proba,0.6,0.0,0.0,0.9999999999999999,0.9079939668174962,0.0,0.0,16254,0,1647,0
s2_pred_proba,0.61,0.0,0.0,0.9999999999999999,0.9079939668174962,0.0,0.0,16254,0,1647,0
s2_pred_proba,0.62,0.0,0.0,0.9999999999999999,0.9079939668174962,0.0,0.0,16254,0,1647,0
s2_pred_proba,0.63,0.0,0.0,0.9999999999999999,0.9079939668174962,0.0,0.0,16254,0,1647,0
s2_pred_proba,0.64,0.0,0.0,0.9999999999999999,0.9079939668174962,0.0,0.0,16254,0,1647,0
s2_pred_proba,0.65,0.0,0.0,0.9999999999999999,0.9079939668174962,0.0,0.0,16254,0,1647,0
s2_pred_proba,0.66,0.0,0.0,0.9999999999999999,0.9079939668174962,0.0,0.0,16254,0,1647,0
s2_pred_proba,0.67,0.0,0.0,0.9999999999999999,0.9079939668174962,0.0,0.0,16254,0,1647,0
s2_pred_proba,0.68,0.0,0.0,0.9999999999999999,0.9079939668174962,0.0,0.0,16254,0,1647,0
s2_pred_proba,0.6900000000000001,0.0,0.0,0.9999999999999999,0.9079939668174962,0.0,0.0,16254,0,1647,0
s2_pred_proba,0.7000000000000001,0.0,0.0,0.9999999999999999,0.9079939668174962,0.0,0.0,16254,0,1647,0
s2_pred_proba,0.71,0.0,0.0,0.9999999999999999,0.9079939668174962,0.0,0.0,16254,0,1647,0
s2_pred_proba,0.72,0.0,0.0,0.9999999999999999,0.9079939668174962,0.0,0.0,16254,0,1647,0
s2_pred_proba,0.73,0.0,0.0,0.9999999999999999,0.9079939668174962,0.0,0.0,16254,0,1647,0
s2_pred_proba,0.74,0.0,0.0,0.9999999999999999,0.9079939668174962,0.0,0.0,16254,0,1647,0
s2_pred_proba,0.75,0.0,0.0,0.9999999999999999,0.9079939668174962,0.0,0.0,16254,0,1647,0
s2_pred_proba,0.76,0.0,0.0,0.9999999999999999,0.9079939668174962,0.0,0.0,16254,0,1647,0
s2_pred_proba,0.77,0.0,0.0,0.9999999999999999,0.9079939668174962,0.0,0.0,16254,0,1647,0
s2_pred_proba,0.78,0.0,0.0,0.9999999999999999,0.9079939668174962,0.0,0.0,16254,0,1647,0
s2_pred_proba,0.79,0.0,0.0,0.9999999999999999,0.9079939668174962,0.0,0.0,16254,0,1647,0
s2_pred_proba,0.8,0.0,0.0,0.9999999999999999,0.9079939668174962,0.0,0.0,16254,0,1647,0
s2_pred_proba,0.81,0.0,0.0,0.9999999999999999,0.9079939668174962,0.0,0.0,16254,0,1647,0
s2_pred_proba,0.8200000000000001,0.0,0.0,0.9999999999999999,0.9079939668174962,0.0,0.0,16254,0,1647,0
s2_pred_proba,0.8300000000000001,0.0,0.0,0.9999999999999999,0.9079939668174962,0.0,0.0,16254,0,1647,0
s2_pred_proba,0.84,0.0,0.0,0.9999999999999999,0.9079939668174962,0.0,0.0,16254,0,1647,0
s2_pred_proba,0.85,0.0,0.0,0.9999999999999999,0.9079939668174962,0.0,0.0,16254,0,1647,0
s2_pred_proba,0.86,0.0,0.0,0.9999999999999999,0.9079939668174962,0.0,0.0,16254,0,1647,0
s2_pred_proba,0.87,0.0,0.0,0.9999999999999999,0.9079939668174962,0.0,0.0,16254,0,1647,0
s2_pred_proba,0.88,0.0,0.0,0.9999999999999999,0.9079939668174962,0.0,0.0,16254,0,1647,0
s2_pred_proba,0.89,0.0,0.0,0.9999999999999999,0.9079939668174962,0.0,0.0,16254,0,1647,0
s2_pred_proba,0.9,0.0,0.0,0.9999999999999999,0.9079939668174962,0.0,0.0,16254,0,1647,0
s2_pred_proba,0.91,0.0,0.0,0.9999999999999999,0.9079939668174962,0.0,0.0,16254,0,1647,0
s2_pred_proba,0.92,0.0,0.0,0.9999999999999999,0.9079939668174962,0.0,0.0,16254,0,1647,0
s2_pred_proba,0.93,0.0,0.0,0.9999999999999999,0.9079939668174962,0.0,0.0,16254,0,1647,0
s2_pred_proba,0.9400000000000001,0.0,0.0,0.9999999999999999,0.9079939668174962,0.0,0.0,16254,0,1647,0
s2_pred_proba,0.9500000000000001,0.0,0.0,0.9999999999999999,0.9079939668174962,0.0,0.0,16254,0,1647,0
s2_pred_proba,0.96,0.0,0.0,0.9999999999999999,0.9079939668174962,0.0,0.0,16254,0,1647,0
s2_pred_proba,0.97,0.0,0.0,0.9999999999999999,0.9079939668174962,0.0,0.0,16254,0,1647,0
s2_pred_proba,0.98,0.0,0.0,0.9999999999999999,0.9079939668174962,0.0,0.0,16254,0,1647,0
s2_pred_proba,0.99,0.0,0.0,0.9999999999999999,0.9079939668174962,0.0,0.0,16254,0,1647,0
s2_pred_proba,1.0,0.0,0.0,0.9999999999999999,0.9079939668174962,0.0,0.0,16254,0,1647,0
s1_s2_final_proba,0.0,0.09200603318250378,0.9999999999999994,0.0,0.09200603318250378,0.16850828729266334,0.9999999999999999,0,16254,0,1647
s1_s2_final_proba,0.01,0.09200603318250378,0.9999999999999994,0.0,0.09200603318250378,0.16850828729266334,0.9999999999999999,0,16254,0,1647
s1_s2_final_proba,0.02,0.09200603318250378,0.9999999999999994,0.0,0.09200603318250378,0.16850828729266334,0.9999999999999999,0,16254,0,1647
s1_s2_final_proba,0.03,0.09200603318250378,0.9999999999999994,0.0,0.09200603318250378,0.16850828729266334,0.9999999999999999,0,16254,0,1647
s1_s2_final_proba,0.04,0.1028894962905115,0.9599271402550086,0.15190107050572166,0.22624434389140272,0.1858578733907614,0.8480989294942782,2469,13785,66,1581
s1_s2_final_proba,0.05,0.11018101166201616,0.935033394049787,0.2348345022763627,0.2992570247472208,0.19713261648726654,0.7651654977236372,3817,12437,107,1540
s1_s2_final_proba,0.06,0.11304938830992296,0.9089253187613838,0.27740863787375414,0.3355119825708061,0.2010880515815078,0.7225913621262458,4509,11745,150,1497
s1_s2_final_proba,0.07,0.1273575919222709,0.8117789921068606,0.4363848898732619,0.4709234120998827,0.22017291066258973,0.5636151101267379,7093,9161,310,1337
s1_s2_final_proba,0.08,0.13308270676691727,0.752276867030965,0.5034453057708871,0.5263393106530362,0.22615679474283115,0.4965546942291128,8183,8071,408,1239
s1_s2_final_proba,0.09,0.13791058935135772,0.7061323618700664,0.552725482958041,0.5668398413496453,0.2307539682536948,0.44727451704195886,8984,7270,484,1163
s1_s2_final_proba,0.1,0.1476416410828914,0.6423800850030355,0.6242155777039498,0.6258868219652534,0.24009985249033486,0.37578442229605014,10146,6108,589,1058
s1_s2_final_proba,0.11,0.16886597938144327,0.49726775956284125,0.7519995078134613,0.7285626501312776,0.25211636139718957,0.24800049218653866,12223,4031,828,819
s1_s2_final_proba,0.12,0.18474531538664551,0.42501517911353953,0.8099544727451703,0.7745377353220491,0.25754231052202053,0.19004552725482957,13165,3089,947,700
s1_s2_final_proba,0.13,0.20207080828323307,0.3673345476624163,0.8530207948812599,0.8083347299033573,0.2607196724839204,0.14697920511874,13865,2389,1042,605
s1_s2_final_proba,0.14,0.20649087221095327,0.3090467516697023,0.8796603912882982,0.8271604938271605,0.24756809338473365,0.12033960871170173,14298,1956,1138,509
s1_s2_final_proba,0.15,0.21981271562345972,0.27079538554948374,0.9026085886551002,0.8444779621250209,0.2426550598471658,0.0973914113448997,14671,1583,1201,446
s1_s2_final_proba,0.16,0.24140127388535018,0.2301153612629021,0.9267257290513103,0.862633372437294,0.23562325147603108,0.07327427094868955,15063,1191,1268,379
s1_s2_final_proba,0.17,0.26815101645692135,0.1681845780206435,0.9534883720930232,0.8812356851572538,0.20671641790997386,0.04651162790697674,15498,756,1370,277
s1_s2_final_proba,0.18,0.2916666666666663,0.14875531268973885,0.9633936261843238,0.8884419864812022,0.1970245275427773,0.036606373815676135,15659,595,1402,245
s1_s2_final_proba,0.19,0.31065088757396403,0.12750455373406186,0.9713301341208317,0.8936930897715212,0.18080068876411587,0.028669865879168203,15788,466,1437,210
s1_s2_final_proba,0.2,0.32404181184668934,0.11293260473588336,0.9761289528731388,0.8967096810234065,0.16749212066598307,0.023871047126861077,15866,388,1461,186
s1_s2_final_proba,0.21,0.33734939759036076,0.10200364298724948,0.9796973052787005,0.8989441930618401,0.15664335664299994,0.02030269472129937,15924,330,1479,168
s1_s2_final_proba,0.22,0.3446601941747564,0.08621736490588945,0.9833887043189368,0.9008435282945086,0.1379310344824384,0.01661129568106312,15984,270,1505,142
s1_s2_final_proba,0.23,0.3499999999999989,0.07225258044930172,0.986403346868463,0.9022959611194905,0.11977856064390342,0.013596653131536851,16033,221,1528,119
s1_s2_final_proba,0.24,0.3569131832797416,0.06739526411657555,0.9876953365325457,0.9030221775319814,0.11338100102118313,0.012304663467454164,16054,200,1536,111
s1_s2_final_proba,0.25,0.3736654804270449,0.06375227686703093,0.9891718961486402,0.9040277079492766,0.10892116182547702,0.010828103851359664,16078,176,1542,105
s1_s2_final_proba,0.26,0.37407407407407267,0.06132361870066785,0.9896025593700011,0.9041952963521591,0.10537297861217312,0.010397440629998768,16085,169,1546,101
s1_s2_final_proba,0.27,0.38281249999999845,0.059502125075895536,0.990279315860711,0.9046421987598459,0.10299527062509548,0.009720684139288789,16096,158,1549,98
s1_s2_final_proba,0.28,0.37751004016064105,0.05707346690953245,0.9904638858127229,0.9045863359588849,0.09915611814323166,0.009536114187276977,16099,155,1553,94
s1_s2_final_proba,0.29,0.38888888888888723,0.05525197328476014,0.9912021656207701,0.9050891011675325,0.09675704412524724,0.008797834379229727,16111,143,1556,91
s1_s2_final_proba,0.3,0.39047619047618864,0.0497874924104432,0.9921250153808292,0.9054242779732976,0.08831448572947083,0.007874984619170664,16126,128,1565,82
s1_s2_final_proba,0.31,0.40437158469945134,0.044930176077717036,0.9932939584102374,0.9060387687838668,0.08087431693971063,0.0067060415897625195,16145,109,1573,74
s1_s2_final_proba,0.32,0.4078947368421026,0.03764420157862779,0.9944629014396456,0.9064298083905927,0.06892718176749392,0.005537098560354374,16164,90,1585,62
s1_s2_final_proba,0.33,0.4081632653061197,0.03642987249544625,0.9946474713916573,0.9064856711915535,0.06688963210687289,0.005352528608342561,16167,87,1587,60
s1_s2_final_proba,0.34,0.42622950819671784,0.03157255616272008,0.995693367786391,0.9069884364002011,0.05879027699252274,0.004306632213608957,16184,70,1595,52
s1_s2_final_proba,0.35000000000000003,0.452830188679241,0.029143897996356995,0.9964316475944381,0.9074353388078878,0.05476326297763875,0.0035683524055617074,16196,58,1599,48
s1_s2_final_proba,0.36,0.4599999999999954,0.027929568913175454,0.9966777408637872,0.9075470644098095,0.05266170578123146,0.0033222591362126242,16200,54,1601,46
s1_s2_final_proba,0.37,0.449438202247186,0.02428658166363083,0.9969853574504736,0.9074912016088487,0.04608294930865843,0.00301464254952627,16205,49,1607,40
s1_s2_final_proba,0.38,0.444444444444439,0.02185792349726775,0.9972314507198227,0.9074912016088487,0.04166666666657727,0.002768549280177187,16209,45,1611,36
s1_s2_final_proba,0.39,0.4533333333333273,0.020643594414086208,0.9974775439891718,0.9076029272107703,0.03948896631815126,0.0025224560108281038,16213,41,1613,34
s1_s2_final_proba,0.4,0.460317460317453,0.017607771706132352,0.9979082072105326,0.907714652812692,0.03391812865489975,0.0020917927894672076,16220,34,1618,29
s1_s2_final_proba,0.41000000000000003,0.4615384615384526,0.014571948998178498,0.9982773471145563,0.9077705156136529,0.02825191288987589,0.001722652885443583,16226,28,1623,24
s1_s2_final_proba,0.42,0.4791666666666567,0.013964784456587727,0.9984619170665682,0.9078822412155746,0.027138643067791547,0.0015380829334317705,16229,25,1624,23
s1_s2_final_proba,0.43,0.5238095238095113,0.013357619914996956,0.9987695336532545,0.908105692419418,0.026050917702734187,0.0012304663467454164,16234,20,1625,22
s1_s2_final_proba,0.44,0.5526315789473538,0.012750455373406185,0.9989541036052663,0.9082174180213396,0.02492581602369476,0.0010458963947336038,16237,17,1626,21
s1_s2_final_proba,0.45,0.5555555555555401,0.012143290831815414,0.9990156269226036,0.9082174180213396,0.02376708259057011,0.000984373077396333,16238,16,1627,20
s1_s2_final_proba,0.46,0.5483870967741759,0.010321797207043104,0.9991386735572781,0.9081615552203788,0.020262216924874323,0.0008613264427217915,16240,14,1630,17
s1_s2_final_proba,0.47000000000000003,0.5714285714285511,0.009714632665452333,0.9992617201919526,0.9082174180213396,0.0191044776119074,0.0007382798080472499,16242,12,1631,16
s1_s2_final_proba,0.48,0.5599999999999776,0.008500303582270791,0.9993232435092899,0.9081615552203788,0.016746411483224113,0.000676756490709979,16243,11,1633,14
s1_s2_final_proba,0.49,0.52173913043476,0.007285974499089249,0.9993232435092899,0.908049829618457,0.014371257485002757,0.000676756490709979,16243,11,1635,12
s1_s2_final_proba,0.5,0.52173913043476,0.007285974499089249,0.9993232435092899,0.908049829618457,0.014371257485002757,0.000676756490709979,16243,11,1635,12
s1_s2_final_proba,0.51,0.4736842105262909,0.005464480874316937,0.9993847668266271,0.9079381040165354,0.010804321728668917,0.0006152331733727082,16244,10,1638,9
s1_s2_final_proba,0.52,0.4444444444444198,0.0048573163327261665,0.9993847668266271,0.9078822412155746,0.009609609609588211,0.0006152331733727082,16244,10,1639,8
s1_s2_final_proba,0.53,0.47058823529409,0.0048573163327261665,0.9994462901439645,0.9079381040165354,0.009615384615364382,0.0005537098560354374,16245,9,1639,8
s1_s2_final_proba,0.54,0.46153846153842604,0.0036429872495446244,0.999569336778639,0.9079381040165354,0.007228915662635053,0.0004306632213608957,16247,7,1641,6
s1_s2_final_proba,0.55,0.49999999999995,0.0030358227079538536,0.9996923834133136,0.9079939668174962,0.006035003017489505,0.0003076165866863541,16249,5,1642,5
s1_s2_final_proba,0.56,0.5714285714284898,0.0024286581663630832,0.9998154300479881,0.908049829618457,0.004836759371212848,0.00018456995201181247,16251,3,1643,4
s1_s2_final_proba,0.5700000000000001,0.79999999999984,0.0024286581663630832,0.9999384766826627,0.9081615552203788,0.0048426150121004975,6.152331733727081e-05,16253,1,1643,4
s1_s2_final_proba,0.58,0.79999999999984,0.0024286581663630832,0.9999384766826627,0.9081615552203788,0.0048426150121004975,6.152331733727081e-05,16253,1,1643,4
s1_s2_final_proba,0.59,0.9999999999996666,0.0018214936247723122,0.9999999999999999,0.9081615552203788,0.0036363636363600017,0.0,16254,0,1644,3
s1_s2_final_proba,0.6,0.9999999999989999,0.0006071645415907708,0.9999999999999999,0.908049829618457,0.0012135922330084943,0.0,16254,0,1646,1
s1_s2_final_proba,0.61,0.9999999999989999,0.0006071645415907708,0.9999999999999999,0.908049829618457,0.0012135922330084943,0.0,16254,0,1646,1
s1_s2_final_proba,0.62,0.0,0.0,0.9999999999999999,0.9079939668174962,0.0,0.0,16254,0,1647,0
s1_s2_final_proba,0.63,0.0,0.0,0.9999999999999999,0.9079939668174962,0.0,0.0,16254,0,1647,0
s1_s2_final_proba,0.64,0.0,0.0,0.9999999999999999,0.9079939668174962,0.0,0.0,16254,0,1647,0
s1_s2_final_proba,0.65,0.0,0.0,0.9999999999999999,0.9079939668174962,0.0,0.0,16254,0,1647,0
s1_s2_final_proba,0.66,0.0,0.0,0.9999999999999999,0.9079939668174962,0.0,0.0,16254,0,1647,0
s1_s2_final_proba,0.67,0.0,0.0,0.9999999999999999,0.9079939668174962,0.0,0.0,16254,0,1647,0
s1_s2_final_proba,0.68,0.0,0.0,0.9999999999999999,0.9079939668174962,0.0,0.0,16254,0,1647,0
s1_s2_final_proba,0.6900000000000001,0.0,0.0,0.9999999999999999,0.9079939668174962,0.0,0.0,16254,0,1647,0
s1_s2_final_proba,0.7000000000000001,0.0,0.0,0.9999999999999999,0.9079939668174962,0.0,0.0,16254,0,1647,0
s1_s2_final_proba,0.71,0.0,0.0,0.9999999999999999,0.9079939668174962,0.0,0.0,16254,0,1647,0
s1_s2_final_proba,0.72,0.0,0.0,0.9999999999999999,0.9079939668174962,0.0,0.0,16254,0,1647,0
s1_s2_final_proba,0.73,0.0,0.0,0.9999999999999999,0.9079939668174962,0.0,0.0,16254,0,1647,0
s1_s2_final_proba,0.74,0.0,0.0,0.9999999999999999,0.9079939668174962,0.0,0.0,16254,0,1647,0
s1_s2_final_proba,0.75,0.0,0.0,0.9999999999999999,0.9079939668174962,0.0,0.0,16254,0,1647,0
s1_s2_final_proba,0.76,0.0,0.0,0.9999999999999999,0.9079939668174962,0.0,0.0,16254,0,1647,0
s1_s2_final_proba,0.77,0.0,0.0,0.9999999999999999,0.9079939668174962,0.0,0.0,16254,0,1647,0
s1_s2_final_proba,0.78,0.0,0.0,0.9999999999999999,0.9079939668174962,0.0,0.0,16254,0,1647,0
s1_s2_final_proba,0.79,0.0,0.0,0.9999999999999999,0.9079939668174962,0.0,0.0,16254,0,1647,0
s1_s2_final_proba,0.8,0.0,0.0,0.9999999999999999,0.9079939668174962,0.0,0.0,16254,0,1647,0
s1_s2_final_proba,0.81,0.0,0.0,0.9999999999999999,0.9079939668174962,0.0,0.0,16254,0,1647,0
s1_s2_final_proba,0.8200000000000001,0.0,0.0,0.9999999999999999,0.9079939668174962,0.0,0.0,16254,0,1647,0
s1_s2_final_proba,0.8300000000000001,0.0,0.0,0.9999999999999999,0.9079939668174962,0.0,0.0,16254,0,1647,0
s1_s2_final_proba,0.84,0.0,0.0,0.9999999999999999,0.9079939668174962,0.0,0.0,16254,0,1647,0
s1_s2_final_proba,0.85,0.0,0.0,0.9999999999999999,0.9079939668174962,0.0,0.0,16254,0,1647,0
s1_s2_final_proba,0.86,0.0,0.0,0.9999999999999999,0.9079939668174962,0.0,0.0,16254,0,1647,0
s1_s2_final_proba,0.87,0.0,0.0,0.9999999999999999,0.9079939668174962,0.0,0.0,16254,0,1647,0
s1_s2_final_proba,0.88,0.0,0.0,0.9999999999999999,0.9079939668174962,0.0,0.0,16254,0,1647,0
s1_s2_final_proba,0.89,0.0,0.0,0.9999999999999999,0.9079939668174962,0.0,0.0,16254,0,1647,0
s1_s2_final_proba,0.9,0.0,0.0,0.9999999999999999,0.9079939668174962,0.0,0.0,16254,0,1647,0
s1_s2_final_proba,0.91,0.0,0.0,0.9999999999999999,0.9079939668174962,0.0,0.0,16254,0,1647,0
s1_s2_final_proba,0.92,0.0,0.0,0.9999999999999999,0.9079939668174962,0.0,0.0,16254,0,1647,0
s1_s2_final_proba,0.93,0.0,0.0,0.9999999999999999,0.9079939668174962,0.0,0.0,16254,0,1647,0
s1_s2_final_proba,0.9400000000000001,0.0,0.0,0.9999999999999999,0.9079939668174962,0.0,0.0,16254,0,1647,0
s1_s2_final_proba,0.9500000000000001,0.0,0.0,0.9999999999999999,0.9079939668174962,0.0,0.0,16254,0,1647,0
s1_s2_final_proba,0.96,0.0,0.0,0.9999999999999999,0.9079939668174962,0.0,0.0,16254,0,1647,0
s1_s2_final_proba,0.97,0.0,0.0,0.9999999999999999,0.9079939668174962,0.0,0.0,16254,0,1647,0
s1_s2_final_proba,0.98,0.0,0.0,0.9999999999999999,0.9079939668174962,0.0,0.0,16254,0,1647,0
s1_s2_final_proba,0.99,0.0,0.0,0.9999999999999999,0.9079939668174962,0.0,0.0,16254,0,1647,0
s1_s2_final_proba,1.0,0.0,0.0,0.9999999999999999,0.9079939668174962,0.0,0.0,16254,0,1647,0
s2_s1_final_proba,0.0,0.09200603318250378,0.9999999999999994,0.0,0.09200603318250378,0.16850828729266334,0.9999999999999999,0,16254,0,1647
s2_s1_final_proba,0.01,0.09200603318250378,0.9999999999999994,0.0,0.09200603318250378,0.16850828729266334,0.9999999999999999,0,16254,0,1647
s2_s1_final_proba,0.02,0.09201631376054528,0.9999999999999994,0.00012304663467454163,0.09211775878442545,0.16852552951995206,0.9998769533653253,2,16252,0,1647
s2_s1_final_proba,0.03,0.09200670765790944,0.9993928354584086,0.0006152331733727082,0.09250879839115134,0.1685007933662785,0.9993847668266271,10,16244,1,1646
s2_s1_final_proba,0.04,0.09214137679941746,0.9987856709168179,0.0028300725975144575,0.09446399642478073,0.16871794871779403,0.9971699274024854,46,16208,2,1645
s2_s1_final_proba,0.05,0.09239772663327894,0.9969641772920456,0.007690414667158852,0.0987095692978046,0.16912143372113425,0.9923095853328411,125,16129,5,1642
s2_s1_final_proba,0.06,0.09274124679760888,0.9890710382513656,0.019564414913252122,0.10876487347075582,0.1695815115551212,0.9804355850867478,318,15936,18,1629
s2_s1_final_proba,0.07,0.0931181166598683,0.9702489374620517,0.04251261228005414,0.12786995139936316,0.16992769034437438,0.9574873877199458,691,15563,49,1598
s2_s1_final_proba,0.08,0.09463550496488254,0.9489981785063747,0.08004183585578933,0.15999106195184626,0.17210813191636867,0.9199581641442105,1301,14953,84,1563
s2_s1_final_proba,0.09,0.09651594722684768,0.9149969641772916,0.13209056232312044,0.20412267471091,0.17461329007572096,0.8679094376768794,2147,14107,140,1507
s2_s1_final_proba,0.1,0.10009017132551848,0.8761384335154823,0.2017964808662483,0.26384000893804815,0.179656374501808,0.7982035191337516,3280,12974,204,1443
s2_s1_final_proba,0.11,0.10419726366236375,0.818457802064359,0.28700627537836837,0.335903022177532,0.1848601206799971,0.7129937246216315,4665,11589,299,1348
s2_s1_final_proba,0.12,0.10791622293219735,0.7383120825743773,0.38156761412575363,0.4143902575275124,0.1883081687957511,0.6184323858742463,6202,10052,431,1216
s2_s1_final_proba,0.13,0.11241364873351474,0.6520947176684878,0.47828226897994336,0.4942740629015139,0.1917685920897411,0.5217177310200566,7774,8480,573,1074
s2_s1_final_proba,0.14,0.1190354027706516,0.5634486945962353,0.5774578565276239,0.5761689291101055,0.196547707296122,0.422542143472376,9386,6868,719,928
s2_s1_final_proba,0.15,0.12577185570360738,0.4699453551912566,0.6690045527254829,0.6506899055918663,0.1984360979358289,0.330995447274517,10874,5380,873,774
s2_s1_final_proba,0.16,0.13617289131347038,0.3940497874924102,0.7467085025224559,0.7142617730853025,0.20240137221231116,0.253291497477544,12137,4117,998,649
s2_s1_final_proba,0.17,0.14723072641246865,0.3211900425015177,0.8114925556786021,0.7663817663817664,0.2019083969461338,0.1885074443213978,13190,3064,1118,529
s2_s1_final_proba,0.18,0.15619047619047613,0.248937462052216,0.8637258520979451,0.8071616110831797,0.1919475655425973,0.13627414790205486,14039,2215,1237,410
s2_s1_final_proba,0.19,0.17061855670103085,0.20097146326654514,0.9010089824043311,0.8366013071895425,0.18455533872267024,0.09899101759566875,14645,1609,1316,331
s2_s1_final_proba,0.2,0.17666891436277804,0.15907710989678195,0.9248800295311922,0.8544215406960505,0.16741214057458115,0.07511997046880767,15033,1221,1385,262
s2_s1_final_proba,0.21,0.2001845018450183,0.13175470552519725,0.9466592838685861,0.8716831461929501,0.1589161479306819,0.0533407161314138,15387,867,1430,217
s2_s1_final_proba,0.22,0.22153465346534626,0.10868245294474797,0.9613018333948565,0.8828557063851181,0.14582484725006747,0.038698166605143344,15625,629,1468,179
s2_s1_final_proba,0.23,0.2360876897133217,0.0850030358227079,0.9721299372462162,0.8905089101167533,0.12499999999961063,0.027870062753783682,15801,453,1507,140
s2_s1_final_proba,0.24,0.26588235294117585,0.0686095931997571,0.9808047249907714,0.896877269426289,0.10907335907303291,0.019195275009228494,15942,312,1534,113
s2_s1_final_proba,0.25,0.29467084639498337,0.05707346690953245,0.986157253599114,0.9006759398916262,0.09562563580847677,0.013842746400885935,16029,225,1553,94
s2_s1_final_proba,0.26,0.3245614035087705,0.044930176077717036,0.9905254091300602,0.903524942740629,0.07893333333311962,0.009474590869939707,16100,154,1573,74
s2_s1_final_proba,0.27,0.3722222222222202,0.04068002428658164,0.9930478651408883,0.9054242779732976,0.07334428024065427,0.006952134859111603,16141,113,1580,67
s2_s1_final_proba,0.28,0.38255033557046725,0.03460837887067393,0.994339854804971,0.9060387687838668,0.06347438752768741,0.005660145195028915,16162,92,1590,57
s2_s1_final_proba,0.29,0.4406779661016912,0.03157255616272008,0.99593946105574,0.9072118876040445,0.058923512747750525,0.004060538944259874,16188,66,1595,52
s2_s1_final_proba,0.3,0.4466019417475685,0.027929568913175454,0.9964931709117755,0.907379476006927,0.052571428571317726,0.003506829088224437,16197,57,1601,46
s2_s1_final_proba,0.31,0.5063291139240442,0.02428658166363083,0.9976005906238463,0.908049829618457,0.04634994206248502,0.0023994093761535618,16215,39,1607,40
s2_s1_final_proba,0.32,0.5072463768115869,0.021250758955676977,0.9979082072105326,0.908049829618457,0.04079254079246357,0.0020917927894672076,16220,34,1612,35
s2_s1_final_proba,0.33,0.5079365079364998,0.019429265330904666,0.9980927771625445,0.908049829618457,0.037426900584724324,0.0019072228374553955,16223,31,1615,32
s2_s1_final_proba,0.34,0.5178571428571336,0.017607771706132352,0.9983388704318936,0.908105692419418,0.034057545507863544,0.0016611295681063121,16227,27,1618,29
s2_s1_final_proba,0.35000000000000003,0.49999999999999034,0.01578627808136004,0.9984003937492308,0.9079939668174962,0.030606238964037157,0.0015996062507690413,16228,26,1621,26
s2_s1_final_proba,0.36,0.4791666666666567,0.013964784456587727,0.9984619170665682,0.9078822412155746,0.027138643067791547,0.0015380829334317705,16229,25,1624,23
s2_s1_final_proba,0.37,0.46341463414633016,0.011536126290224645,0.9986464870185799,0.9078263784146137,0.022511848341184804,0.001353512981419958,16232,22,1628,19
s2_s1_final_proba,0.38,0.4864864864864733,0.010928961748633875,0.9988310569705917,0.9079381040165354,0.02137767220898313,0.0011689430294081456,16235,19,1629,18
s2_s1_final_proba,0.39,0.48484848484847015,0.009714632665452333,0.9989541036052663,0.9079381040165354,0.019047619047580514,0.0010458963947336038,16237,17,1631,16
s2_s1_final_proba,0.4,0.49999999999998435,0.009714632665452333,0.9990156269226036,0.9079939668174962,0.019058963668813097,0.000984373077396333,16238,16,1631,16
s2_s1_final_proba,0.41000000000000003,0.49999999999998335,0.009107468123861562,0.9990771502399408,0.9079939668174962,0.01788908765649436,0.0009228497600590622,16239,15,1632,15
s2_s1_final_proba,0.42,0.5199999999999793,0.00789313904068002,0.9992617201919526,0.908049829618457,0.015550239234420287,0.0007382798080472499,16242,12,1634,13
s2_s1_final_proba,0.43,0.4736842105262909,0.005464480874316937,0.9993847668266271,0.9079381040165354,0.010804321728668917,0.0006152331733727082,16244,10,1638,9
s2_s1_final_proba,0.44,0.4736842105262909,0.005464480874316937,0.9993847668266271,0.9079381040165354,0.010804321728668917,0.0006152331733727082,16244,10,1638,9
s2_s1_final_proba,0.45,0.42857142857139796,0.0036429872495446244,0.9995078134613017,0.9078822412155746,0.00722456351593752,0.0004921865386981665,16246,8,1641,6
s2_s1_final_proba,0.46,0.42857142857139796,0.0036429872495446244,0.9995078134613017,0.9078822412155746,0.00722456351593752,0.0004921865386981665,16246,8,1641,6
s2_s1_final_proba,0.47000000000000003,0.45454545454541323,0.0030358227079538536,0.9996308600959762,0.9079381040165354,0.0060313630880447135,0.00036913990402362494,16248,6,1642,5
s2_s1_final_proba,0.48,0.4285714285713673,0.0018214936247723122,0.9997539067306508,0.9079381040165354,0.003627569528407529,0.00024609326934908326,16250,4,1644,3
s2_s1_final_proba,0.49,0.2499999999999375,0.0006071645415907708,0.9998154300479881,0.9078822412155746,0.0012113870381538568,0.00018456995201181247,16251,3,1646,1
s2_s1_final_proba,0.5,0.49999999999975,0.0006071645415907708,0.9999384766826627,0.9079939668174962,0.001212856276528807,6.152331733727081e-05,16253,1,1646,1
s2_s1_final_proba,0.51,0.0,0.0,0.9999999999999999,0.9079939668174962,0.0,0.0,16254,0,1647,0
s2_s1_final_proba,0.52,0.0,0.0,0.9999999999999999,0.9079939668174962,0.0,0.0,16254,0,1647,0
s2_s1_final_proba,0.53,0.0,0.0,0.9999999999999999,0.9079939668174962,0.0,0.0,16254,0,1647,0
s2_s1_final_proba,0.54,0.0,0.0,0.9999999999999999,0.9079939668174962,0.0,0.0,16254,0,1647,0
s2_s1_final_proba,0.55,0.0,0.0,0.9999999999999999,0.9079939668174962,0.0,0.0,16254,0,1647,0
s2_s1_final_proba,0.56,0.0,0.0,0.9999999999999999,0.9079939668174962,0.0,0.0,16254,0,1647,0
s2_s1_final_proba,0.5700000000000001,0.0,0.0,0.9999999999999999,0.9079939668174962,0.0,0.0,16254,0,1647,0
s2_s1_final_proba,0.58,0.0,0.0,0.9999999999999999,0.9079939668174962,0.0,0.0,16254,0,1647,0
s2_s1_final_proba,0.59,0.0,0.0,0.9999999999999999,0.9079939668174962,0.0,0.0,16254,0,1647,0
s2_s1_final_proba,0.6,0.0,0.0,0.9999999999999999,0.9079939668174962,0.0,0.0,16254,0,1647,0
s2_s1_final_proba,0.61,0.0,0.0,0.9999999999999999,0.9079939668174962,0.0,0.0,16254,0,1647,0
s2_s1_final_proba,0.62,0.0,0.0,0.9999999999999999,0.9079939668174962,0.0,0.0,16254,0,1647,0
s2_s1_final_proba,0.63,0.0,0.0,0.9999999999999999,0.9079939668174962,0.0,0.0,16254,0,1647,0
s2_s1_final_proba,0.64,0.0,0.0,0.9999999999999999,0.9079939668174962,0.0,0.0,16254,0,1647,0
s2_s1_final_proba,0.65,0.0,0.0,0.9999999999999999,0.9079939668174962,0.0,0.0,16254,0,1647,0
s2_s1_final_proba,0.66,0.0,0.0,0.9999999999999999,0.9079939668174962,0.0,0.0,16254,0,1647,0
s2_s1_final_proba,0.67,0.0,0.0,0.9999999999999999,0.9079939668174962,0.0,0.0,16254,0,1647,0
s2_s1_final_proba,0.68,0.0,0.0,0.9999999999999999,0.9079939668174962,0.0,0.0,16254,0,1647,0
s2_s1_final_proba,0.6900000000000001,0.0,0.0,0.9999999999999999,0.9079939668174962,0.0,0.0,16254,0,1647,0
s2_s1_final_proba,0.7000000000000001,0.0,0.0,0.9999999999999999,0.9079939668174962,0.0,0.0,16254,0,1647,0
s2_s1_final_proba,0.71,0.0,0.0,0.9999999999999999,0.9079939668174962,0.0,0.0,16254,0,1647,0
s2_s1_final_proba,0.72,0.0,0.0,0.9999999999999999,0.9079939668174962,0.0,0.0,16254,0,1647,0
s2_s1_final_proba,0.73,0.0,0.0,0.9999999999999999,0.9079939668174962,0.0,0.0,16254,0,1647,0
s2_s1_final_proba,0.74,0.0,0.0,0.9999999999999999,0.9079939668174962,0.0,0.0,16254,0,1647,0
s2_s1_final_proba,0.75,0.0,0.0,0.9999999999999999,0.9079939668174962,0.0,0.0,16254,0,1647,0
s2_s1_final_proba,0.76,0.0,0.0,0.9999999999999999,0.9079939668174962,0.0,0.0,16254,0,1647,0
s2_s1_final_proba,0.77,0.0,0.0,0.9999999999999999,0.9079939668174962,0.0,0.0,16254,0,1647,0
s2_s1_final_proba,0.78,0.0,0.0,0.9999999999999999,0.9079939668174962,0.0,0.0,16254,0,1647,0
s2_s1_final_proba,0.79,0.0,0.0,0.9999999999999999,0.9079939668174962,0.0,0.0,16254,0,1647,0
s2_s1_final_proba,0.8,0.0,0.0,0.9999999999999999,0.9079939668174962,0.0,0.0,16254,0,1647,0
s2_s1_final_proba,0.81,0.0,0.0,0.9999999999999999,0.9079939668174962,0.0,0.0,16254,0,1647,0
s2_s1_final_proba,0.8200000000000001,0.0,0.0,0.9999999999999999,0.9079939668174962,0.0,0.0,16254,0,1647,0
s2_s1_final_proba,0.8300000000000001,0.0,0.0,0.9999999999999999,0.9079939668174962,0.0,0.0,16254,0,1647,0
s2_s1_final_proba,0.84,0.0,0.0,0.9999999999999999,0.9079939668174962,0.0,0.0,16254,0,1647,0
s2_s1_final_proba,0.85,0.0,0.0,0.9999999999999999,0.9079939668174962,0.0,0.0,16254,0,1647,0
s2_s1_final_proba,0.86,0.0,0.0,0.9999999999999999,0.9079939668174962,0.0,0.0,16254,0,1647,0
s2_s1_final_proba,0.87,0.0,0.0,0.9999999999999999,0.9079939668174962,0.0,0.0,16254,0,1647,0
s2_s1_final_proba,0.88,0.0,0.0,0.9999999999999999,0.9079939668174962,0.0,0.0,16254,0,1647,0
s2_s1_final_proba,0.89,0.0,0.0,0.9999999999999999,0.9079939668174962,0.0,0.0,16254,0,1647,0
s2_s1_final_proba,0.9,0.0,0.0,0.9999999999999999,0.9079939668174962,0.0,0.0,16254,0,1647,0
s2_s1_final_proba,0.91,0.0,0.0,0.9999999999999999,0.9079939668174962,0.0,0.0,16254,0,1647,0
s2_s1_final_proba,0.92,0.0,0.0,0.9999999999999999,0.9079939668174962,0.0,0.0,16254,0,1647,0
s2_s1_final_proba,0.93,0.0,0.0,0.9999999999999999,0.9079939668174962,0.0,0.0,16254,0,1647,0
s2_s1_final_proba,0.9400000000000001,0.0,0.0,0.9999999999999999,0.9079939668174962,0.0,0.0,16254,0,1647,0
s2_s1_final_proba,0.9500000000000001,0.0,0.0,0.9999999999999999,0.9079939668174962,0.0,0.0,16254,0,1647,0
s2_s1_final_proba,0.96,0.0,0.0,0.9999999999999999,0.9079939668174962,0.0,0.0,16254,0,1647,0
s2_s1_final_proba,0.97,0.0,0.0,0.9999999999999999,0.9079939668174962,0.0,0.0,16254,0,1647,0
s2_s1_final_proba,0.98,0.0,0.0,0.9999999999999999,0.9079939668174962,0.0,0.0,16254,0,1647,0
s2_s1_final_proba,0.99,0.0,0.0,0.9999999999999999,0.9079939668174962,0.0,0.0,16254,0,1647,0
s2_s1_final_proba,1.0,0.0,0.0,0.9999999999999999,0.9079939668174962,0.0,0.0,16254,0,1647,0
